{
  "cookie": "https://gh-proxy.com/https://raw.githubusercontent.com/FongMi/CatVodSpider/main/txt/cookie.txt",
  "classes": [
    {
      "type_name": "帕梅拉",
      "type_id": "帕梅拉"
    },
    {
      "type_name": "太极拳",
      "type_id": "太极拳"
    },
    {
      "type_name": "广场舞",
      "type_id": "广场舞"
    },
    {
      "type_name": "健身",
      "type_id": "健身"
    },
    {
      "type_name": "舞蹈",
      "type_id": "舞蹈"
    },
    {
      "type_name": "电影",
      "type_id": "电影"
    },
    {
      "type_name": "电视剧",
      "type_id": "电视剧"
    },
    {
      "type_name": "演唱会",
      "type_id": "演唱会"
    },
    {
      "type_name": "动物世界",
      "type_id": "动物世界"
    }
  ],
  "filter": {
  }
}